{"af8aa4b0-0511-11e5-a6cc-23c6297036bf":{"date":{"28-05-2015/10:15":true},"valeur":{"33":true}},"be9b2650-0511-11e5-b869-d91490e47ae1":{"date":{"28-05-2015/10:15":true},"valeur":{"38":true}},"de003390-0517-11e5-ada1-5b15cc1a46d9":{"date":{"28-05-2015/10:59":true},"valeur":{"25":true}},"a3eeac30-0518-11e5-8ba4-7f8b770629a3":{"date":{"28-05-2015/11:05":true},"valeur":{"39":true}},"48ed7130-0519-11e5-9a15-ddb0e503d406":{"date":{"Thu May 28 2015 11:09:46 GMT+0200 (Paris, Madrid (heure d’été))":true},"valeur":{"5":true}},"4ee526f0-0519-11e5-9a15-ddb0e503d406":{"date":{"Thu May 28 2015 11:09:56 GMT+0200 (Paris, Madrid (heure d’été))":true},"valeur":{"41":true}},"54dd2ad0-0519-11e5-9a15-ddb0e503d406":{"date":{"Thu May 28 2015 11:10:06 GMT+0200 (Paris, Madrid (heure d’été))":true},"valeur":{"9":true}},"5ad5a3e0-0519-11e5-9a15-ddb0e503d406":{"date":{"Thu May 28 2015 11:10:16 GMT+0200 (Paris, Madrid (heure d’été))":true},"valeur":{"2":true}},"60cd3290-0519-11e5-9a15-ddb0e503d406":{"date":{"Thu May 28 2015 11:10:26 GMT+0200 (Paris, Madrid (heure d’été))":true},"valeur":{"45":true}},"392fd1b0-0600-11e5-a4f0-b1e80267f347":{"date":{"Fri May 29 2015 14:42:53 GMT+0200 (Paris, Madrid (heure d’été))":true},"valeur":{"14":true}},"3f2627e0-0600-11e5-a4f0-b1e80267f347":{"date":{"Fri May 29 2015 14:43:03 GMT+0200 (Paris, Madrid (heure d’été))":true},"valeur":{"29":true}},"451d4160-0600-11e5-a4f0-b1e80267f347":{"date":{"Fri May 29 2015 14:43:13 GMT+0200 (Paris, Madrid (heure d’été))":true},"valeur":{"15":true}},"4b14a900-0600-11e5-a4f0-b1e80267f347":{"date":{"Fri May 29 2015 14:43:23 GMT+0200 (Paris, Madrid (heure d’été))":true},"valeur":{"14":true}},"510b9b70-0600-11e5-a4f0-b1e80267f347":{"date":{"Fri May 29 2015 14:43:33 GMT+0200 (Paris, Madrid (heure d’été))":true},"valeur":{"46":true}},"5702b4f0-0600-11e5-a4f0-b1e80267f347":{"date":{"Fri May 29 2015 14:43:43 GMT+0200 (Paris, Madrid (heure d’été))":true},"valeur":{"34":true}},"5cfa91c0-0600-11e5-a4f0-b1e80267f347":{"date":{"Fri May 29 2015 14:43:53 GMT+0200 (Paris, Madrid (heure d’été))":true},"valeur":{"14":true}},"7014dbd0-0600-11e5-a7d5-35c816815fdd":{"date":{"Fri May 29 2015 14:44:25 GMT+0200 (Paris, Madrid (heure d’été))":true},"valeur":{"37":true}},"760c4370-0600-11e5-a7d5-35c816815fdd":{"date":{"Fri May 29 2015 14:44:35 GMT+0200 (Paris, Madrid (heure d’été))":true},"valeur":{"36":true}},"7c027290-0600-11e5-a7d5-35c816815fdd":{"date":{"Fri May 29 2015 14:44:45 GMT+0200 (Paris, Madrid (heure d’été))":true},"valeur":{"43":true}},"81fa4f60-0600-11e5-a7d5-35c816815fdd":{"date":{"Fri May 29 2015 14:44:55 GMT+0200 (Paris, Madrid (heure d’été))":true},"valeur":{"7":true}},"87f03060-0600-11e5-a7d5-35c816815fdd":{"date":{"Fri May 29 2015 14:45:05 GMT+0200 (Paris, Madrid (heure d’été))":true},"valeur":{"24":true}},"8de8d080-0600-11e5-a7d5-35c816815fdd":{"date":{"Fri May 29 2015 14:45:15 GMT+0200 (Paris, Madrid (heure d’été))":true},"valeur":{"27":true}},"93e14990-0600-11e5-a7d5-35c816815fdd":{"date":{"Fri May 29 2015 14:45:25 GMT+0200 (Paris, Madrid (heure d’été))":true},"valeur":{"37":true}},"99d6dc70-0600-11e5-a7d5-35c816815fdd":{"date":{"Fri May 29 2015 14:45:35 GMT+0200 (Paris, Madrid (heure d’été))":true},"valeur":{"37":true}},"9fce1d00-0600-11e5-a7d5-35c816815fdd":{"date":{"Fri May 29 2015 14:45:45 GMT+0200 (Paris, Madrid (heure d’été))":true},"valeur":{"30":true}},"a5c4e860-0600-11e5-a7d5-35c816815fdd":{"date":{"Fri May 29 2015 14:45:55 GMT+0200 (Paris, Madrid (heure d’été))":true},"valeur":{"50":true}},"abbb3e90-0600-11e5-a7d5-35c816815fdd":{"date":{"Fri May 29 2015 14:46:05 GMT+0200 (Paris, Madrid (heure d’été))":true},"valeur":{"34":true}},"b1b36980-0600-11e5-a7d5-35c816815fdd":{"date":{"Fri May 29 2015 14:46:15 GMT+0200 (Paris, Madrid (heure d’été))":true},"valeur":{"25":true}},"b7aa0dd0-0600-11e5-a7d5-35c816815fdd":{"date":{"Fri May 29 2015 14:46:25 GMT+0200 (Paris, Madrid (heure d’été))":true},"valeur":{"49":true}},"bda17570-0600-11e5-a7d5-35c816815fdd":{"date":{"Fri May 29 2015 14:46:35 GMT+0200 (Paris, Madrid (heure d’été))":true},"valeur":{"48":true}},"c399c770-0600-11e5-a7d5-35c816815fdd":{"date":{"Fri May 29 2015 14:46:45 GMT+0200 (Paris, Madrid (heure d’été))":true},"valeur":{"2":true}},"c9915620-0600-11e5-a7d5-35c816815fdd":{"date":{"Fri May 29 2015 14:46:55 GMT+0200 (Paris, Madrid (heure d’été))":true},"valeur":{"42":true}},"cf878540-0600-11e5-a7d5-35c816815fdd":{"date":{"Fri May 29 2015 14:47:05 GMT+0200 (Paris, Madrid (heure d’été))":true},"valeur":{"19":true}},"d57ec5d0-0600-11e5-a7d5-35c816815fdd":{"date":{"Fri May 29 2015 14:47:15 GMT+0200 (Paris, Madrid (heure d’été))":true},"valeur":{"15":true}},"34f3d1b0-062c-11e5-89d5-235ced836c7c":{"date":{"Fri May 29 2015 19:57:44 GMT+0200 (Paris, Madrid (heure d’été))":true},"valeur":{"36":true}},"3aeac420-062c-11e5-89d5-235ced836c7c":{"date":{"Fri May 29 2015 19:57:54 GMT+0200 (Paris, Madrid (heure d’été))":true},"valeur":{"43":true}},"40dea950-062c-11e5-89d5-235ced836c7c":{"date":{"Fri May 29 2015 19:58:04 GMT+0200 (Paris, Madrid (heure d’été))":true},"valeur":{"14":true}},"46d8a900-062c-11e5-89d5-235ced836c7c":{"date":{"Fri May 29 2015 19:58:14 GMT+0200 (Paris, Madrid (heure d’été))":true},"valeur":{"4":true}},"4cd037b0-062c-11e5-89d5-235ced836c7c":{"date":{"Fri May 29 2015 19:58:24 GMT+0200 (Paris, Madrid (heure d’été))":true},"valeur":{"47":true}},"52c6b4f0-062c-11e5-89d5-235ced836c7c":{"date":{"Fri May 29 2015 19:58:34 GMT+0200 (Paris, Madrid (heure d’été))":true},"valeur":{"33":true}},"58bce410-062c-11e5-89d5-235ced836c7c":{"date":{"Fri May 29 2015 19:58:44 GMT+0200 (Paris, Madrid (heure d’été))":true},"valeur":{"4":true}},"b577c080-062c-11e5-a895-9dccdf01638f":{"date":{"Fri May 29 2015 20:01:19 GMT+0200 (Paris, Madrid (heure d’été))":true},"valeur":{"11":true}},"bb6dc890-062c-11e5-a895-9dccdf01638f":{"date":{"Fri May 29 2015 20:01:29 GMT+0200 (Paris, Madrid (heure d’été))":true},"valeur":{"5":true}},"c1635b70-062c-11e5-a895-9dccdf01638f":{"date":{"Fri May 29 2015 20:01:39 GMT+0200 (Paris, Madrid (heure d’été))":true},"valeur":{"34":true}},"c7598a90-062c-11e5-a895-9dccdf01638f":{"date":{"Fri May 29 2015 20:01:49 GMT+0200 (Paris, Madrid (heure d’été))":true},"valeur":{"41":true}},"cd4ea840-062c-11e5-a895-9dccdf01638f":{"date":{"Fri May 29 2015 20:01:59 GMT+0200 (Paris, Madrid (heure d’été))":true},"valeur":{"2":true}},"d3474860-062c-11e5-a895-9dccdf01638f":{"date":{"Fri May 29 2015 20:02:09 GMT+0200 (Paris, Madrid (heure d’été))":true},"valeur":{"35":true}},"d93c8d20-062c-11e5-a895-9dccdf01638f":{"date":{"Fri May 29 2015 20:02:19 GMT+0200 (Paris, Madrid (heure d’été))":true},"valeur":{"45":true}},"df33cdb0-062c-11e5-a895-9dccdf01638f":{"date":{"Fri May 29 2015 20:02:29 GMT+0200 (Paris, Madrid (heure d’été))":true},"valeur":{"38":true}},"e5291270-062c-11e5-a895-9dccdf01638f":{"date":{"Fri May 29 2015 20:02:39 GMT+0200 (Paris, Madrid (heure d’été))":true},"valeur":{"33":true}},"eb2004e0-062c-11e5-a895-9dccdf01638f":{"date":{"Fri May 29 2015 20:02:49 GMT+0200 (Paris, Madrid (heure d’été))":true},"valeur":{"2":true}},"f1160cf0-062c-11e5-a895-9dccdf01638f":{"date":{"Fri May 29 2015 20:02:59 GMT+0200 (Paris, Madrid (heure d’été))":true},"valeur":{"13":true}},"f70c6320-062c-11e5-a895-9dccdf01638f":{"date":{"Fri May 29 2015 20:03:09 GMT+0200 (Paris, Madrid (heure d’été))":true},"valeur":{"4":true}},"fd02e060-062c-11e5-a895-9dccdf01638f":{"date":{"Fri May 29 2015 20:03:19 GMT+0200 (Paris, Madrid (heure d’été))":true},"valeur":{"10":true}},"02f7fe10-062d-11e5-a895-9dccdf01638f":{"date":{"Fri May 29 2015 20:03:29 GMT+0200 (Paris, Madrid (heure d’été))":true},"valeur":{"17":true}},"08ef65b0-062d-11e5-a895-9dccdf01638f":{"date":{"Fri May 29 2015 20:03:39 GMT+0200 (Paris, Madrid (heure d’été))":true},"valeur":{"17":true}},"0ee56dc0-062d-11e5-a895-9dccdf01638f":{"date":{"Fri May 29 2015 20:03:49 GMT+0200 (Paris, Madrid (heure d’été))":true},"valeur":{"48":true}},"14dab280-062d-11e5-a895-9dccdf01638f":{"date":{"Fri May 29 2015 20:03:59 GMT+0200 (Paris, Madrid (heure d’été))":true},"valeur":{"41":true}},"1ad1a4f0-062d-11e5-a895-9dccdf01638f":{"date":{"Fri May 29 2015 20:04:09 GMT+0200 (Paris, Madrid (heure d’été))":true},"valeur":{"28":true}},"20c737d0-062d-11e5-a895-9dccdf01638f":{"date":{"Fri May 29 2015 20:04:19 GMT+0200 (Paris, Madrid (heure d’été))":true},"valeur":{"44":true}},"26bf3bb0-062d-11e5-a895-9dccdf01638f":{"date":{"Fri May 29 2015 20:04:29 GMT+0200 (Paris, Madrid (heure d’été))":true},"valeur":{"10":true}},"2cb62e20-062d-11e5-a895-9dccdf01638f":{"date":{"Fri May 29 2015 20:04:39 GMT+0200 (Paris, Madrid (heure d’été))":true},"valeur":{"41":true}},"32ac8450-062d-11e5-a895-9dccdf01638f":{"date":{"Fri May 29 2015 20:04:49 GMT+0200 (Paris, Madrid (heure d’été))":true},"valeur":{"39":true}},"38a28c60-062d-11e5-a895-9dccdf01638f":{"date":{"Fri May 29 2015 20:04:59 GMT+0200 (Paris, Madrid (heure d’été))":true},"valeur":{"14":true}},"3e97f830-062d-11e5-a895-9dccdf01638f":{"date":{"Fri May 29 2015 20:05:09 GMT+0200 (Paris, Madrid (heure d’été))":true},"valeur":{"38":true}},"4a136c30-062d-11e5-a828-175cdd1155ac":{"date":{"Fri May 29 2015 20:05:29 GMT+0200 (Paris, Madrid (heure d’été))":true},"valeur":{"13":true}},"50097440-062d-11e5-a828-175cdd1155ac":{"date":{"Fri May 29 2015 20:05:39 GMT+0200 (Paris, Madrid (heure d’été))":true},"valeur":{"43":true}},"55ffa360-062d-11e5-a828-175cdd1155ac":{"date":{"Fri May 29 2015 20:05:49 GMT+0200 (Paris, Madrid (heure d’été))":true},"valeur":{"48":true}},"5bf4e820-062d-11e5-a828-175cdd1155ac":{"date":{"Fri May 29 2015 20:05:59 GMT+0200 (Paris, Madrid (heure d’été))":true},"valeur":{"27":true}},"61ec28b0-062d-11e5-a828-175cdd1155ac":{"date":{"Fri May 29 2015 20:06:09 GMT+0200 (Paris, Madrid (heure d’été))":true},"valeur":{"5":true}},"67e2a5f0-062d-11e5-a828-175cdd1155ac":{"date":{"Fri May 29 2015 20:06:19 GMT+0200 (Paris, Madrid (heure d’été))":true},"valeur":{"5":true}},"6dd99860-062d-11e5-a828-175cdd1155ac":{"date":{"Fri May 29 2015 20:06:29 GMT+0200 (Paris, Madrid (heure d’été))":true},"valeur":{"9":true}},"73d10000-062d-11e5-a828-175cdd1155ac":{"date":{"Fri May 29 2015 20:06:39 GMT+0200 (Paris, Madrid (heure d’été))":true},"valeur":{"1":true}},"79c6b9f0-062d-11e5-a828-175cdd1155ac":{"date":{"Fri May 29 2015 20:06:49 GMT+0200 (Paris, Madrid (heure d’été))":true},"valeur":{"31":true}},"7fbd1020-062d-11e5-a828-175cdd1155ac":{"date":{"Fri May 29 2015 20:06:59 GMT+0200 (Paris, Madrid (heure d’été))":true},"valeur":{"2":true}},"85b2a300-062d-11e5-a828-175cdd1155ac":{"date":{"Fri May 29 2015 20:07:09 GMT+0200 (Paris, Madrid (heure d’été))":true},"valeur":{"14":true}},"8ba88400-062d-11e5-a828-175cdd1155ac":{"date":{"Fri May 29 2015 20:07:19 GMT+0200 (Paris, Madrid (heure d’été))":true},"valeur":{"28":true}},"91a0fd10-062d-11e5-a828-175cdd1155ac":{"date":{"Fri May 29 2015 20:07:29 GMT+0200 (Paris, Madrid (heure d’été))":true},"valeur":{"5":true}},"979864b0-062d-11e5-a828-175cdd1155ac":{"date":{"Fri May 29 2015 20:07:39 GMT+0200 (Paris, Madrid (heure d’été))":true},"valeur":{"37":true}},"9d8f0900-062d-11e5-a828-175cdd1155ac":{"date":{"Fri May 29 2015 20:07:49 GMT+0200 (Paris, Madrid (heure d’été))":true},"valeur":{"32":true}}}