{"ecd3f6d0-ff23-11e4-a4d0-2d2ff7d5c899":{"date":{"Wed May 20 2015 21:10:49 GMT+0200 (Paris, Madrid (heure d’été))":true},"valeur":{"37":true}},"07590ea0-ff24-11e4-ab12-abde3a027013":{"date":{"Wed May 20 2015 21:11:33 GMT+0200 (Paris, Madrid (heure d’été))":true},"valeur":{"15":true}},"0cea3a60-ff24-11e4-ab12-abde3a027013":{"date":{"Wed May 20 2015 21:11:42 GMT+0200 (Paris, Madrid (heure d’été))":true},"valeur":{"15":true}},"4edc6650-ff24-11e4-ab12-abde3a027013":{"date":{"Wed May 20 2015 21:13:33 GMT+0200 (Paris, Madrid (heure d’été))":true},"valeur":{"35":true}},"5470c660-ff24-11e4-ab12-abde3a027013":{"date":{"Wed May 20 2015 21:13:42 GMT+0200 (Paris, Madrid (heure d’été))":true},"valeur":{"50":true}}}