{"ecd3f6d0-ff23-11e4-a4d0-2d2ff7d5c899":{"date":{"Wed May 20 2015 21:10:49 GMT+0200 (Paris, Madrid (heure d’été))":true},"valeur":{"37":true}},"07590ea0-ff24-11e4-ab12-abde3a027013":{"date":{"Wed May 20 2015 21:11:33 GMT+0200 (Paris, Madrid (heure d’été))":true},"valeur":{"15":true}},"0cea3a60-ff24-11e4-ab12-abde3a027013":{"date":{"Wed May 20 2015 21:11:42 GMT+0200 (Paris, Madrid (heure d’été))":true},"valeur":{"15":true}},"4edc6650-ff24-11e4-ab12-abde3a027013":{"date":{"Wed May 20 2015 21:13:33 GMT+0200 (Paris, Madrid (heure d’été))":true},"valeur":{"35":true}},"5470c660-ff24-11e4-ab12-abde3a027013":{"date":{"Wed May 20 2015 21:13:42 GMT+0200 (Paris, Madrid (heure d’été))":true},"valeur":{"50":true}},"15032790-ffd6-11e4-ad4a-1d3719a1fd9d":{"date":{"Thu May 21 2015 18:26:06 GMT+0200 (Paris, Madrid (heure d’été))":true},"valeur":{"30":true}},"408a57d0-ffd6-11e4-ad4a-1d3719a1fd9d":{"date":{"Thu May 21 2015 18:27:19 GMT+0200 (Paris, Madrid (heure d’été))":true},"valeur":{"49":true}},"42d1afc0-ffd6-11e4-ad4a-1d3719a1fd9d":{"date":{"Thu May 21 2015 18:27:23 GMT+0200 (Paris, Madrid (heure d’été))":true},"valeur":{"40":true}},"434be8d0-ffd6-11e4-ad4a-1d3719a1fd9d":{"date":{"Thu May 21 2015 18:27:24 GMT+0200 (Paris, Madrid (heure d’été))":true},"valeur":{"43":true}},"88174c70-ffd6-11e4-ad4a-1d3719a1fd9d":{"date":{"Thu May 21 2015 18:29:19 GMT+0200 (Paris, Madrid (heure d’été))":true},"valeur":{"35":true}},"8a5ca890-ffd6-11e4-ad4a-1d3719a1fd9d":{"date":{"Thu May 21 2015 18:29:23 GMT+0200 (Paris, Madrid (heure d’été))":true},"valeur":{"4":true}},"8ad42280-ffd6-11e4-ad4a-1d3719a1fd9d":{"date":{"Thu May 21 2015 18:29:24 GMT+0200 (Paris, Madrid (heure d’été))":true},"valeur":{"29":true}},"405c1f10-ffda-11e4-ad4a-1d3719a1fd9d":{"date":{"Thu May 21 2015 18:55:57 GMT+0200 (Paris, Madrid (heure d’été))":true},"valeur":{"33":true}},"42e33f20-ffda-11e4-ad4a-1d3719a1fd9d":{"date":{"Thu May 21 2015 18:56:01 GMT+0200 (Paris, Madrid (heure d’été))":true},"valeur":{"21":true}},"44da7b40-ffda-11e4-ad4a-1d3719a1fd9d":{"date":{"Thu May 21 2015 18:56:05 GMT+0200 (Paris, Madrid (heure d’été))":true},"valeur":{"25":true}},"45d974b0-ffda-11e4-ad4a-1d3719a1fd9d":{"date":{"Thu May 21 2015 18:56:06 GMT+0200 (Paris, Madrid (heure d’été))":true},"valeur":{"6":true}}}