{"14e18b50-0182-11e5-a9ca-e73233bffc5b":{"date":{"Sat May 23 2015 21:29:51 GMT+0200 (Paris, Madrid (heure d’été))":true},"valeur":{"45":true}},"1a813600-0182-11e5-88a1-f14ec926f19a":{"date":{"Sat May 23 2015 21:30:00 GMT+0200 (Paris, Madrid (heure d’été))":true},"valeur":{"49":true}},"61e8ef60-0182-11e5-88a1-f14ec926f19a":{"date":{"Sat May 23 2015 21:32:00 GMT+0200 (Paris, Madrid (heure d’été))":true},"valeur":{"42":true}},"a83ca0b0-0182-11e5-88a1-f14ec926f19a":{"date":{"Sat May 23 2015 21:33:58 GMT+0200 (Paris, Madrid (heure d’été))":true},"valeur":{"16":true}},"c5132290-0182-11e5-88a1-f14ec926f19a":{"date":{"Sat May 23 2015 21:34:46 GMT+0200 (Paris, Madrid (heure d’été))":true},"valeur":{"20":true}},"0c996070-0183-11e5-88a1-f14ec926f19a":{"date":{"Sat May 23 2015 21:36:46 GMT+0200 (Paris, Madrid (heure d’été))":true},"valeur":{"27":true}},"38921730-0183-11e5-88a1-f14ec926f19a":{"date":{"Sat May 23 2015 21:38:00 GMT+0200 (Paris, Madrid (heure d’été))":true},"valeur":{"21":true}},"801a02c0-0183-11e5-88a1-f14ec926f19a":{"date":{"Sat May 23 2015 21:40:00 GMT+0200 (Paris, Madrid (heure d’été))":true},"valeur":{"28":true}},"ad417580-0183-11e5-88a1-f14ec926f19a":{"date":{"Sat May 23 2015 21:41:16 GMT+0200 (Paris, Madrid (heure d’été))":true},"valeur":{"41":true}},"f4c7da70-0183-11e5-88a1-f14ec926f19a":{"date":{"Sat May 23 2015 21:43:16 GMT+0200 (Paris, Madrid (heure d’été))":true},"valeur":{"32":true}},"3c501420-0184-11e5-88a1-f14ec926f19a":{"date":{"Sat May 23 2015 21:45:16 GMT+0200 (Paris, Madrid (heure d’été))":true},"valeur":{"31":true}},"582f2130-0185-11e5-9ed7-831579b17190":{"date":{"Sat May 23 2015 21:53:12 GMT+0200 (Paris, Madrid (heure d’été))":true},"valeur":{"1":true}},"9f812fb0-0185-11e5-9ed7-831579b17190":{"date":{"Sat May 23 2015 21:55:12 GMT+0200 (Paris, Madrid (heure d’été))":true},"valeur":{"1":true}},"e70794a0-0185-11e5-9ed7-831579b17190":{"date":{"Sat May 23 2015 21:57:12 GMT+0200 (Paris, Madrid (heure d’été))":true},"valeur":{"16":true}},"44e964e0-0186-11e5-9ed7-831579b17190":{"date":{"Sat May 23 2015 21:59:49 GMT+0200 (Paris, Madrid (heure d’été))":true},"valeur":{"16":true}},"8c740f90-0186-11e5-9ed7-831579b17190":{"date":{"Sat May 23 2015 22:01:49 GMT+0200 (Paris, Madrid (heure d’été))":true},"valeur":{"16":true}},"d3fc9760-0186-11e5-9ed7-831579b17190":{"date":{"Sat May 23 2015 22:03:49 GMT+0200 (Paris, Madrid (heure d’été))":true},"valeur":{"45":true}}}