{"af8aa4b0-0511-11e5-a6cc-23c6297036bf":{"date":{"28-05-2015/10:15":true},"valeur":{"33":true}},"be9b2650-0511-11e5-b869-d91490e47ae1":{"date":{"28-05-2015/10:15":true},"valeur":{"38":true}},"de003390-0517-11e5-ada1-5b15cc1a46d9":{"date":{"28-05-2015/10:59":true},"valeur":{"25":true}},"a3eeac30-0518-11e5-8ba4-7f8b770629a3":{"date":{"28-05-2015/11:05":true},"valeur":{"39":true}},"48ed7130-0519-11e5-9a15-ddb0e503d406":{"date":{"Thu May 28 2015 11:09:46 GMT+0200 (Paris, Madrid (heure d’été))":true},"valeur":{"5":true}},"4ee526f0-0519-11e5-9a15-ddb0e503d406":{"date":{"Thu May 28 2015 11:09:56 GMT+0200 (Paris, Madrid (heure d’été))":true},"valeur":{"41":true}},"54dd2ad0-0519-11e5-9a15-ddb0e503d406":{"date":{"Thu May 28 2015 11:10:06 GMT+0200 (Paris, Madrid (heure d’été))":true},"valeur":{"9":true}},"5ad5a3e0-0519-11e5-9a15-ddb0e503d406":{"date":{"Thu May 28 2015 11:10:16 GMT+0200 (Paris, Madrid (heure d’été))":true},"valeur":{"2":true}},"60cd3290-0519-11e5-9a15-ddb0e503d406":{"date":{"Thu May 28 2015 11:10:26 GMT+0200 (Paris, Madrid (heure d’été))":true},"valeur":{"45":true}}}