{"9d140e10-00c6-11e5-ac91-bf518d2df224":{"date":{"Fri May 22 2015 23:07:54 GMT+0200 (Paris, Madrid (heure d’été))":true},"valeur":{"7":true}},"a3144f50-00c6-11e5-ac91-bf518d2df224":{"date":{"Fri May 22 2015 23:08:04 GMT+0200 (Paris, Madrid (heure d’été))":true},"valeur":{"44":true}},"a91309f0-00c6-11e5-ac91-bf518d2df224":{"date":{"Fri May 22 2015 23:08:14 GMT+0200 (Paris, Madrid (heure d’été))":true},"valeur":{"19":true}},"af0f0570-00c6-11e5-ac91-bf518d2df224":{"date":{"Fri May 22 2015 23:08:24 GMT+0200 (Paris, Madrid (heure d’été))":true},"valeur":{"10":true}},"b0f810c0-00c6-11e5-ac91-bf518d2df224":{"date":{"Fri May 22 2015 23:08:27 GMT+0200 (Paris, Madrid (heure d’été))":true},"valeur":{"46":true}},"b3b55c00-00c6-11e5-ac91-bf518d2df224":{"date":{"Fri May 22 2015 23:08:32 GMT+0200 (Paris, Madrid (heure d’été))":true},"valeur":{"26":true}},"b4bd7d30-00c6-11e5-ac91-bf518d2df224":{"date":{"Fri May 22 2015 23:08:34 GMT+0200 (Paris, Madrid (heure d’été))":true},"valeur":{"9":true}},"b50a64b0-00c6-11e5-ac91-bf518d2df224":{"date":{"Fri May 22 2015 23:08:34 GMT+0200 (Paris, Madrid (heure d’été))":true},"valeur":{"22":true}},"bb068740-00c6-11e5-ac91-bf518d2df224":{"date":{"Fri May 22 2015 23:08:44 GMT+0200 (Paris, Madrid (heure d’été))":true},"valeur":{"19":true}},"c106c880-00c6-11e5-ac91-bf518d2df224":{"date":{"Fri May 22 2015 23:08:54 GMT+0200 (Paris, Madrid (heure d’été))":true},"valeur":{"25":true}},"c709eff0-00c6-11e5-ac91-bf518d2df224":{"date":{"Fri May 22 2015 23:09:04 GMT+0200 (Paris, Madrid (heure d’été))":true},"valeur":{"10":true}},"cd054f30-00c6-11e5-ac91-bf518d2df224":{"date":{"Fri May 22 2015 23:09:14 GMT+0200 (Paris, Madrid (heure d’été))":true},"valeur":{"14":true}},"d3014ab0-00c6-11e5-ac91-bf518d2df224":{"date":{"Fri May 22 2015 23:09:24 GMT+0200 (Paris, Madrid (heure d’été))":true},"valeur":{"34":true}},"d8fd6d40-00c6-11e5-ac91-bf518d2df224":{"date":{"Fri May 22 2015 23:09:34 GMT+0200 (Paris, Madrid (heure d’été))":true},"valeur":{"47":true}},"def8f390-00c6-11e5-ac91-bf518d2df224":{"date":{"Fri May 22 2015 23:09:44 GMT+0200 (Paris, Madrid (heure d’été))":true},"valeur":{"7":true}},"e4f58b50-00c6-11e5-ac91-bf518d2df224":{"date":{"Fri May 22 2015 23:09:54 GMT+0200 (Paris, Madrid (heure d’été))":true},"valeur":{"23":true}},"eaf72c20-00c6-11e5-ac91-bf518d2df224":{"date":{"Fri May 22 2015 23:10:05 GMT+0200 (Paris, Madrid (heure d’été))":true},"valeur":{"25":true}},"f0f30090-00c6-11e5-ac91-bf518d2df224":{"date":{"Fri May 22 2015 23:10:15 GMT+0200 (Paris, Madrid (heure d’été))":true},"valeur":{"16":true}},"f6f2f3b0-00c6-11e5-ac91-bf518d2df224":{"date":{"Fri May 22 2015 23:10:25 GMT+0200 (Paris, Madrid (heure d’été))":true},"valeur":{"39":true}},"f8565440-00c6-11e5-ac91-bf518d2df224":{"date":{"Fri May 22 2015 23:10:27 GMT+0200 (Paris, Madrid (heure d’été))":true},"valeur":{"21":true}},"fb386590-00c6-11e5-ac91-bf518d2df224":{"date":{"Fri May 22 2015 23:10:32 GMT+0200 (Paris, Madrid (heure d’été))":true},"valeur":{"3":true}},"fc431ed0-00c6-11e5-ac91-bf518d2df224":{"date":{"Fri May 22 2015 23:10:34 GMT+0200 (Paris, Madrid (heure d’été))":true},"valeur":{"47":true}},"fcecf360-00c6-11e5-ac91-bf518d2df224":{"date":{"Fri May 22 2015 23:10:35 GMT+0200 (Paris, Madrid (heure d’été))":true},"valeur":{"20":true}},"02e76840-00c7-11e5-ac91-bf518d2df224":{"date":{"Fri May 22 2015 23:10:45 GMT+0200 (Paris, Madrid (heure d’été))":true},"valeur":{"23":true}},"08df9330-00c7-11e5-ac91-bf518d2df224":{"date":{"Fri May 22 2015 23:10:55 GMT+0200 (Paris, Madrid (heure d’été))":true},"valeur":{"14":true}},"0ed83350-00c7-11e5-ac91-bf518d2df224":{"date":{"Fri May 22 2015 23:11:05 GMT+0200 (Paris, Madrid (heure d’été))":true},"valeur":{"18":true}},"14d78a30-00c7-11e5-ac91-bf518d2df224":{"date":{"Fri May 22 2015 23:11:15 GMT+0200 (Paris, Madrid (heure d’été))":true},"valeur":{"38":true}},"1ad0c690-00c7-11e5-ac91-bf518d2df224":{"date":{"Fri May 22 2015 23:11:25 GMT+0200 (Paris, Madrid (heure d’été))":true},"valeur":{"12":true}},"20c7e010-00c7-11e5-ac91-bf518d2df224":{"date":{"Fri May 22 2015 23:11:35 GMT+0200 (Paris, Madrid (heure d’été))":true},"valeur":{"25":true}},"26c05920-00c7-11e5-ac91-bf518d2df224":{"date":{"Fri May 22 2015 23:11:45 GMT+0200 (Paris, Madrid (heure d’été))":true},"valeur":{"48":true}},"2cb99580-00c7-11e5-ac91-bf518d2df224":{"date":{"Fri May 22 2015 23:11:55 GMT+0200 (Paris, Madrid (heure d’été))":true},"valeur":{"36":true}},"32b59100-00c7-11e5-ac91-bf518d2df224":{"date":{"Fri May 22 2015 23:12:05 GMT+0200 (Paris, Madrid (heure d’été))":true},"valeur":{"48":true}},"38af69a0-00c7-11e5-ac91-bf518d2df224":{"date":{"Fri May 22 2015 23:12:15 GMT+0200 (Paris, Madrid (heure d’été))":true},"valeur":{"43":true}},"3eaf0ea0-00c7-11e5-ac91-bf518d2df224":{"date":{"Fri May 22 2015 23:12:25 GMT+0200 (Paris, Madrid (heure d’été))":true},"valeur":{"25":true}},"44af28d0-00c7-11e5-ac91-bf518d2df224":{"date":{"Fri May 22 2015 23:12:35 GMT+0200 (Paris, Madrid (heure d’été))":true},"valeur":{"25":true}},"4aab7270-00c7-11e5-ac91-bf518d2df224":{"date":{"Fri May 22 2015 23:12:45 GMT+0200 (Paris, Madrid (heure d’été))":true},"valeur":{"45":true}},"50a71fd0-00c7-11e5-ac91-bf518d2df224":{"date":{"Fri May 22 2015 23:12:55 GMT+0200 (Paris, Madrid (heure d’été))":true},"valeur":{"18":true}},"56a230f0-00c7-11e5-ac91-bf518d2df224":{"date":{"Fri May 22 2015 23:13:05 GMT+0200 (Paris, Madrid (heure d’été))":true},"valeur":{"43":true}},"5c9f16d0-00c7-11e5-ac91-bf518d2df224":{"date":{"Fri May 22 2015 23:13:15 GMT+0200 (Paris, Madrid (heure d’été))":true},"valeur":{"47":true}},"62965760-00c7-11e5-ac91-bf518d2df224":{"date":{"Fri May 22 2015 23:13:25 GMT+0200 (Paris, Madrid (heure d’été))":true},"valeur":{"39":true}},"68918f90-00c7-11e5-ac91-bf518d2df224":{"date":{"Fri May 22 2015 23:13:35 GMT+0200 (Paris, Madrid (heure d’été))":true},"valeur":{"41":true}},"6e933060-00c7-11e5-ac91-bf518d2df224":{"date":{"Fri May 22 2015 23:13:45 GMT+0200 (Paris, Madrid (heure d’été))":true},"valeur":{"31":true}},"749398b0-00c7-11e5-ac91-bf518d2df224":{"date":{"Fri May 22 2015 23:13:55 GMT+0200 (Paris, Madrid (heure d’été))":true},"valeur":{"36":true}},"7a93b2e0-00c7-11e5-ac91-bf518d2df224":{"date":{"Fri May 22 2015 23:14:05 GMT+0200 (Paris, Madrid (heure d’été))":true},"valeur":{"34":true}},"8091d140-00c7-11e5-ac91-bf518d2df224":{"date":{"Fri May 22 2015 23:14:16 GMT+0200 (Paris, Madrid (heure d’été))":true},"valeur":{"50":true}},"869790c0-00c7-11e5-ac91-bf518d2df224":{"date":{"Fri May 22 2015 23:14:26 GMT+0200 (Paris, Madrid (heure d’été))":true},"valeur":{"43":true}},"8c936530-00c7-11e5-ac91-bf518d2df224":{"date":{"Fri May 22 2015 23:14:36 GMT+0200 (Paris, Madrid (heure d’été))":true},"valeur":{"4":true}},"928eeb80-00c7-11e5-ac91-bf518d2df224":{"date":{"Fri May 22 2015 23:14:46 GMT+0200 (Paris, Madrid (heure d’été))":true},"valeur":{"31":true}},"988c4690-00c7-11e5-ac91-bf518d2df224":{"date":{"Fri May 22 2015 23:14:56 GMT+0200 (Paris, Madrid (heure d’été))":true},"valeur":{"18":true}},"9e884210-00c7-11e5-ac91-bf518d2df224":{"date":{"Fri May 22 2015 23:15:06 GMT+0200 (Paris, Madrid (heure d’été))":true},"valeur":{"48":true}},"a484b2c0-00c7-11e5-ac91-bf518d2df224":{"date":{"Fri May 22 2015 23:15:16 GMT+0200 (Paris, Madrid (heure d’été))":true},"valeur":{"50":true}},"aa856930-00c7-11e5-ac91-bf518d2df224":{"date":{"Fri May 22 2015 23:15:26 GMT+0200 (Paris, Madrid (heure d’été))":true},"valeur":{"49":true}},"b0824f10-00c7-11e5-ac91-bf518d2df224":{"date":{"Fri May 22 2015 23:15:36 GMT+0200 (Paris, Madrid (heure d’été))":true},"valeur":{"41":true}},"b68835a0-00c7-11e5-ac91-bf518d2df224":{"date":{"Fri May 22 2015 23:15:46 GMT+0200 (Paris, Madrid (heure d’été))":true},"valeur":{"21":true}},"bc85ded0-00c7-11e5-ac91-bf518d2df224":{"date":{"Fri May 22 2015 23:15:56 GMT+0200 (Paris, Madrid (heure d’été))":true},"valeur":{"39":true}},"c2816520-00c7-11e5-ac91-bf518d2df224":{"date":{"Fri May 22 2015 23:16:06 GMT+0200 (Paris, Madrid (heure d’été))":true},"valeur":{"27":true}},"c87d1280-00c7-11e5-ac91-bf518d2df224":{"date":{"Fri May 22 2015 23:16:16 GMT+0200 (Paris, Madrid (heure d’été))":true},"valeur":{"30":true}},"ce79aa40-00c7-11e5-ac91-bf518d2df224":{"date":{"Fri May 22 2015 23:16:26 GMT+0200 (Paris, Madrid (heure d’été))":true},"valeur":{"22":true}},"d4777a80-00c7-11e5-ac91-bf518d2df224":{"date":{"Fri May 22 2015 23:16:36 GMT+0200 (Paris, Madrid (heure d’été))":true},"valeur":{"42":true}},"da71ef60-00c7-11e5-ac91-bf518d2df224":{"date":{"Fri May 22 2015 23:16:46 GMT+0200 (Paris, Madrid (heure d’été))":true},"valeur":{"34":true}},"e0731b00-00c7-11e5-ac91-bf518d2df224":{"date":{"Fri May 22 2015 23:16:56 GMT+0200 (Paris, Madrid (heure d’été))":true},"valeur":{"9":true}},"e66f3d90-00c7-11e5-ac91-bf518d2df224":{"date":{"Fri May 22 2015 23:17:06 GMT+0200 (Paris, Madrid (heure d’été))":true},"valeur":{"37":true}},"ec6c98a0-00c7-11e5-ac91-bf518d2df224":{"date":{"Fri May 22 2015 23:17:16 GMT+0200 (Paris, Madrid (heure d’été))":true},"valeur":{"27":true}},"f26782b0-00c7-11e5-ac91-bf518d2df224":{"date":{"Fri May 22 2015 23:17:27 GMT+0200 (Paris, Madrid (heure d’été))":true},"valeur":{"43":true}},"f86998b0-00c7-11e5-ac91-bf518d2df224":{"date":{"Fri May 22 2015 23:17:37 GMT+0200 (Paris, Madrid (heure d’été))":true},"valeur":{"2":true}},"fe671ad0-00c7-11e5-ac91-bf518d2df224":{"date":{"Fri May 22 2015 23:17:47 GMT+0200 (Paris, Madrid (heure d’été))":true},"valeur":{"42":true}},"0462ef40-00c8-11e5-ac91-bf518d2df224":{"date":{"Fri May 22 2015 23:17:57 GMT+0200 (Paris, Madrid (heure d’été))":true},"valeur":{"24":true}},"0a64b720-00c8-11e5-ac91-bf518d2df224":{"date":{"Fri May 22 2015 23:18:07 GMT+0200 (Paris, Madrid (heure d’été))":true},"valeur":{"41":true}},"1062ae70-00c8-11e5-ac91-bf518d2df224":{"date":{"Fri May 22 2015 23:18:17 GMT+0200 (Paris, Madrid (heure d’été))":true},"valeur":{"35":true}},"165f1f20-00c8-11e5-ac91-bf518d2df224":{"date":{"Fri May 22 2015 23:18:27 GMT+0200 (Paris, Madrid (heure d’été))":true},"valeur":{"34":true}},"1c5e00d0-00c8-11e5-ac91-bf518d2df224":{"date":{"Fri May 22 2015 23:18:37 GMT+0200 (Paris, Madrid (heure d’été))":true},"valeur":{"2":true}},"225c6d50-00c8-11e5-ac91-bf518d2df224":{"date":{"Fri May 22 2015 23:18:47 GMT+0200 (Paris, Madrid (heure d’été))":true},"valeur":{"27":true}},"2858de00-00c8-11e5-ac91-bf518d2df224":{"date":{"Fri May 22 2015 23:18:57 GMT+0200 (Paris, Madrid (heure d’été))":true},"valeur":{"38":true}},"2e577190-00c8-11e5-ac91-bf518d2df224":{"date":{"Fri May 22 2015 23:19:07 GMT+0200 (Paris, Madrid (heure d’été))":true},"valeur":{"35":true}},"34560520-00c8-11e5-ac91-bf518d2df224":{"date":{"Fri May 22 2015 23:19:17 GMT+0200 (Paris, Madrid (heure d’été))":true},"valeur":{"4":true}},"3a502be0-00c8-11e5-ac91-bf518d2df224":{"date":{"Fri May 22 2015 23:19:27 GMT+0200 (Paris, Madrid (heure d’été))":true},"valeur":{"40":true}},"404b8b20-00c8-11e5-ac91-bf518d2df224":{"date":{"Fri May 22 2015 23:19:37 GMT+0200 (Paris, Madrid (heure d’été))":true},"valeur":{"33":true}},"464d04e0-00c8-11e5-ac91-bf518d2df224":{"date":{"Fri May 22 2015 23:19:47 GMT+0200 (Paris, Madrid (heure d’été))":true},"valeur":{"22":true}},"4c4c0da0-00c8-11e5-ac91-bf518d2df224":{"date":{"Fri May 22 2015 23:19:57 GMT+0200 (Paris, Madrid (heure d’été))":true},"valeur":{"24":true}},"524dd580-00c8-11e5-ac91-bf518d2df224":{"date":{"Fri May 22 2015 23:20:07 GMT+0200 (Paris, Madrid (heure d’été))":true},"valeur":{"49":true}},"5854a670-00c8-11e5-ac91-bf518d2df224":{"date":{"Fri May 22 2015 23:20:18 GMT+0200 (Paris, Madrid (heure d’été))":true},"valeur":{"29":true}},"5e533a00-00c8-11e5-ac91-bf518d2df224":{"date":{"Fri May 22 2015 23:20:28 GMT+0200 (Paris, Madrid (heure d’été))":true},"valeur":{"2":true}},"64506e00-00c8-11e5-ac91-bf518d2df224":{"date":{"Fri May 22 2015 23:20:38 GMT+0200 (Paris, Madrid (heure d’été))":true},"valeur":{"43":true}},"6a4dc910-00c8-11e5-ac91-bf518d2df224":{"date":{"Fri May 22 2015 23:20:48 GMT+0200 (Paris, Madrid (heure d’été))":true},"valeur":{"15":true}},"704ef4b0-00c8-11e5-ac91-bf518d2df224":{"date":{"Fri May 22 2015 23:20:58 GMT+0200 (Paris, Madrid (heure d’été))":true},"valeur":{"3":true}},"764a53f0-00c8-11e5-ac91-bf518d2df224":{"date":{"Fri May 22 2015 23:21:08 GMT+0200 (Paris, Madrid (heure d’été))":true},"valeur":{"20":true}},"7c4dc980-00c8-11e5-ac91-bf518d2df224":{"date":{"Fri May 22 2015 23:21:18 GMT+0200 (Paris, Madrid (heure d’été))":true},"valeur":{"25":true}},"8254e890-00c8-11e5-ac91-bf518d2df224":{"date":{"Fri May 22 2015 23:21:28 GMT+0200 (Paris, Madrid (heure d’été))":true},"valeur":{"33":true}},"8853f150-00c8-11e5-ac91-bf518d2df224":{"date":{"Fri May 22 2015 23:21:38 GMT+0200 (Paris, Madrid (heure d’été))":true},"valeur":{"4":true}},"8e534830-00c8-11e5-ac91-bf518d2df224":{"date":{"Fri May 22 2015 23:21:48 GMT+0200 (Paris, Madrid (heure d’été))":true},"valeur":{"18":true}},"9455ac50-00c8-11e5-ac91-bf518d2df224":{"date":{"Fri May 22 2015 23:21:58 GMT+0200 (Paris, Madrid (heure d’été))":true},"valeur":{"10":true}},"9a5180c0-00c8-11e5-ac91-bf518d2df224":{"date":{"Fri May 22 2015 23:22:08 GMT+0200 (Paris, Madrid (heure d’été))":true},"valeur":{"14":true}},"a0521020-00c8-11e5-ac91-bf518d2df224":{"date":{"Fri May 22 2015 23:22:18 GMT+0200 (Paris, Madrid (heure d’été))":true},"valeur":{"16":true}},"a657cfa0-00c8-11e5-ac91-bf518d2df224":{"date":{"Fri May 22 2015 23:22:28 GMT+0200 (Paris, Madrid (heure d’été))":true},"valeur":{"5":true}},"ac544050-00c8-11e5-ac91-bf518d2df224":{"date":{"Fri May 22 2015 23:22:38 GMT+0200 (Paris, Madrid (heure d’été))":true},"valeur":{"36":true}},"b251c270-00c8-11e5-ac91-bf518d2df224":{"date":{"Fri May 22 2015 23:22:48 GMT+0200 (Paris, Madrid (heure d’été))":true},"valeur":{"43":true}},"b8507d10-00c8-11e5-ac91-bf518d2df224":{"date":{"Fri May 22 2015 23:22:59 GMT+0200 (Paris, Madrid (heure d’été))":true},"valeur":{"7":true}},"be4ffb00-00c8-11e5-ac91-bf518d2df224":{"date":{"Fri May 22 2015 23:23:09 GMT+0200 (Paris, Madrid (heure d’été))":true},"valeur":{"20":true}},"c44c6bb0-00c8-11e5-ac91-bf518d2df224":{"date":{"Fri May 22 2015 23:23:19 GMT+0200 (Paris, Madrid (heure d’été))":true},"valeur":{"20":true}},"ca49edd0-00c8-11e5-ac91-bf518d2df224":{"date":{"Fri May 22 2015 23:23:29 GMT+0200 (Paris, Madrid (heure d’été))":true},"valeur":{"33":true}},"d04b8ea0-00c8-11e5-ac91-bf518d2df224":{"date":{"Fri May 22 2015 23:23:39 GMT+0200 (Paris, Madrid (heure d’été))":true},"valeur":{"21":true}},"d6484d70-00c8-11e5-ac91-bf518d2df224":{"date":{"Fri May 22 2015 23:23:49 GMT+0200 (Paris, Madrid (heure d’été))":true},"valeur":{"7":true}},"dc450c40-00c8-11e5-ac91-bf518d2df224":{"date":{"Fri May 22 2015 23:23:59 GMT+0200 (Paris, Madrid (heure d’été))":true},"valeur":{"43":true}},"e2465ef0-00c8-11e5-ac91-bf518d2df224":{"date":{"Fri May 22 2015 23:24:09 GMT+0200 (Paris, Madrid (heure d’été))":true},"valeur":{"31":true}},"e849d480-00c8-11e5-ac91-bf518d2df224":{"date":{"Fri May 22 2015 23:24:19 GMT+0200 (Paris, Madrid (heure d’été))":true},"valeur":{"25":true}},"ee4b4e40-00c8-11e5-ac91-bf518d2df224":{"date":{"Fri May 22 2015 23:24:29 GMT+0200 (Paris, Madrid (heure d’été))":true},"valeur":{"40":true}},"f4552c70-00c8-11e5-ac91-bf518d2df224":{"date":{"Fri May 22 2015 23:24:39 GMT+0200 (Paris, Madrid (heure d’été))":true},"valeur":{"15":true}},"fa5609f0-00c8-11e5-ac91-bf518d2df224":{"date":{"Fri May 22 2015 23:24:49 GMT+0200 (Paris, Madrid (heure d’été))":true},"valeur":{"26":true}},"005316e0-00c9-11e5-ac91-bf518d2df224":{"date":{"Fri May 22 2015 23:24:59 GMT+0200 (Paris, Madrid (heure d’été))":true},"valeur":{"35":true}},"0652e2f0-00c9-11e5-ac91-bf518d2df224":{"date":{"Fri May 22 2015 23:25:09 GMT+0200 (Paris, Madrid (heure d’été))":true},"valeur":{"28":true}},"0c545cb0-00c9-11e5-ac91-bf518d2df224":{"date":{"Fri May 22 2015 23:25:19 GMT+0200 (Paris, Madrid (heure d’été))":true},"valeur":{"48":true}},"124e0e40-00c9-11e5-ac91-bf518d2df224":{"date":{"Fri May 22 2015 23:25:30 GMT+0200 (Paris, Madrid (heure d’été))":true},"valeur":{"3":true}},"184fd620-00c9-11e5-ac91-bf518d2df224":{"date":{"Fri May 22 2015 23:25:40 GMT+0200 (Paris, Madrid (heure d’été))":true},"valeur":{"7":true}},"1e503e70-00c9-11e5-ac91-bf518d2df224":{"date":{"Fri May 22 2015 23:25:50 GMT+0200 (Paris, Madrid (heure d’été))":true},"valeur":{"39":true}},"244fe370-00c9-11e5-ac91-bf518d2df224":{"date":{"Fri May 22 2015 23:26:00 GMT+0200 (Paris, Madrid (heure d’été))":true},"valeur":{"40":true}},"2a4e28e0-00c9-11e5-ac91-bf518d2df224":{"date":{"Fri May 22 2015 23:26:10 GMT+0200 (Paris, Madrid (heure d’été))":true},"valeur":{"10":true}},"304c2030-00c9-11e5-ac91-bf518d2df224":{"date":{"Fri May 22 2015 23:26:20 GMT+0200 (Paris, Madrid (heure d’été))":true},"valeur":{"12":true}},"3648df00-00c9-11e5-ac91-bf518d2df224":{"date":{"Fri May 22 2015 23:26:30 GMT+0200 (Paris, Madrid (heure d’été))":true},"valeur":{"49":true}},"3c4a31b0-00c9-11e5-ac91-bf518d2df224":{"date":{"Fri May 22 2015 23:26:40 GMT+0200 (Paris, Madrid (heure d’été))":true},"valeur":{"43":true}},"424a4be0-00c9-11e5-ac91-bf518d2df224":{"date":{"Fri May 22 2015 23:26:50 GMT+0200 (Paris, Madrid (heure d’été))":true},"valeur":{"34":true}},"484cd710-00c9-11e5-ac91-bf518d2df224":{"date":{"Fri May 22 2015 23:27:00 GMT+0200 (Paris, Madrid (heure d’été))":true},"valeur":{"48":true}},"4e4ddba0-00c9-11e5-ac91-bf518d2df224":{"date":{"Fri May 22 2015 23:27:10 GMT+0200 (Paris, Madrid (heure d’été))":true},"valeur":{"18":true}},"544f0740-00c9-11e5-ac91-bf518d2df224":{"date":{"Fri May 22 2015 23:27:20 GMT+0200 (Paris, Madrid (heure d’été))":true},"valeur":{"15":true}},"5a4d73c0-00c9-11e5-ac91-bf518d2df224":{"date":{"Fri May 22 2015 23:27:30 GMT+0200 (Paris, Madrid (heure d’été))":true},"valeur":{"18":true}},"60492120-00c9-11e5-ac91-bf518d2df224":{"date":{"Fri May 22 2015 23:27:40 GMT+0200 (Paris, Madrid (heure d’été))":true},"valeur":{"1":true}},"664ae900-00c9-11e5-ac91-bf518d2df224":{"date":{"Fri May 22 2015 23:27:50 GMT+0200 (Paris, Madrid (heure d’été))":true},"valeur":{"16":true}},"6c4cff00-00c9-11e5-ac91-bf518d2df224":{"date":{"Fri May 22 2015 23:28:01 GMT+0200 (Paris, Madrid (heure d’été))":true},"valeur":{"43":true}},"724fd850-00c9-11e5-ac91-bf518d2df224":{"date":{"Fri May 22 2015 23:28:11 GMT+0200 (Paris, Madrid (heure d’été))":true},"valeur":{"35":true}},"78521560-00c9-11e5-ac91-bf518d2df224":{"date":{"Fri May 22 2015 23:28:21 GMT+0200 (Paris, Madrid (heure d’été))":true},"valeur":{"30":true}},"7e538f20-00c9-11e5-ac91-bf518d2df224":{"date":{"Fri May 22 2015 23:28:31 GMT+0200 (Paris, Madrid (heure d’été))":true},"valeur":{"2":true}},"8459c3d0-00c9-11e5-ac91-bf518d2df224":{"date":{"Fri May 22 2015 23:28:41 GMT+0200 (Paris, Madrid (heure d’été))":true},"valeur":{"42":true}},"8a5aa150-00c9-11e5-ac91-bf518d2df224":{"date":{"Fri May 22 2015 23:28:51 GMT+0200 (Paris, Madrid (heure d’été))":true},"valeur":{"6":true}},"905d7aa0-00c9-11e5-ac91-bf518d2df224":{"date":{"Fri May 22 2015 23:29:01 GMT+0200 (Paris, Madrid (heure d’été))":true},"valeur":{"5":true}},"96633a20-00c9-11e5-ac91-bf518d2df224":{"date":{"Fri May 22 2015 23:29:11 GMT+0200 (Paris, Madrid (heure d’été))":true},"valeur":{"43":true}},"9c63a270-00c9-11e5-ac91-bf518d2df224":{"date":{"Fri May 22 2015 23:29:21 GMT+0200 (Paris, Madrid (heure d’été))":true},"valeur":{"37":true}},"a264ce10-00c9-11e5-ac91-bf518d2df224":{"date":{"Fri May 22 2015 23:29:31 GMT+0200 (Paris, Madrid (heure d’été))":true},"valeur":{"13":true}},"a86ab4a0-00c9-11e5-ac91-bf518d2df224":{"date":{"Fri May 22 2015 23:29:41 GMT+0200 (Paris, Madrid (heure d’été))":true},"valeur":{"24":true}},"ae6af5e0-00c9-11e5-ac91-bf518d2df224":{"date":{"Fri May 22 2015 23:29:51 GMT+0200 (Paris, Madrid (heure d’été))":true},"valeur":{"28":true}},"b46a73d0-00c9-11e5-ac91-bf518d2df224":{"date":{"Fri May 22 2015 23:30:01 GMT+0200 (Paris, Madrid (heure d’été))":true},"valeur":{"41":true}},"ba711db0-00c9-11e5-ac91-bf518d2df224":{"date":{"Fri May 22 2015 23:30:12 GMT+0200 (Paris, Madrid (heure d’été))":true},"valeur":{"9":true}},"c073a8e0-00c9-11e5-ac91-bf518d2df224":{"date":{"Fri May 22 2015 23:30:22 GMT+0200 (Paris, Madrid (heure d’été))":true},"valeur":{"29":true}},"c678a510-00c9-11e5-ac91-bf518d2df224":{"date":{"Fri May 22 2015 23:30:32 GMT+0200 (Paris, Madrid (heure d’été))":true},"valeur":{"10":true}},"cc7e6490-00c9-11e5-ac91-bf518d2df224":{"date":{"Fri May 22 2015 23:30:42 GMT+0200 (Paris, Madrid (heure d’été))":true},"valeur":{"39":true}},"d280c8b0-00c9-11e5-ac91-bf518d2df224":{"date":{"Fri May 22 2015 23:30:52 GMT+0200 (Paris, Madrid (heure d’été))":true},"valeur":{"24":true}},"d880bbd0-00c9-11e5-ac91-bf518d2df224":{"date":{"Fri May 22 2015 23:31:02 GMT+0200 (Paris, Madrid (heure d’été))":true},"valeur":{"20":true}},"de812420-00c9-11e5-ac91-bf518d2df224":{"date":{"Fri May 22 2015 23:31:12 GMT+0200 (Paris, Madrid (heure d’été))":true},"valeur":{"27":true}},"e48472a0-00c9-11e5-ac91-bf518d2df224":{"date":{"Fri May 22 2015 23:31:22 GMT+0200 (Paris, Madrid (heure d’été))":true},"valeur":{"39":true}},"ea8724e0-00c9-11e5-ac91-bf518d2df224":{"date":{"Fri May 22 2015 23:31:32 GMT+0200 (Paris, Madrid (heure d’été))":true},"valeur":{"37":true}},"f0889ea0-00c9-11e5-ac91-bf518d2df224":{"date":{"Fri May 22 2015 23:31:42 GMT+0200 (Paris, Madrid (heure d’été))":true},"valeur":{"43":true}},"f68bed20-00c9-11e5-ac91-bf518d2df224":{"date":{"Fri May 22 2015 23:31:52 GMT+0200 (Paris, Madrid (heure d’été))":true},"valeur":{"14":true}},"fc899650-00c9-11e5-ac91-bf518d2df224":{"date":{"Fri May 22 2015 23:32:02 GMT+0200 (Paris, Madrid (heure d’été))":true},"valeur":{"20":true}},"0289b080-00ca-11e5-ac91-bf518d2df224":{"date":{"Fri May 22 2015 23:32:13 GMT+0200 (Paris, Madrid (heure d’été))":true},"valeur":{"23":true}},"08927d40-00ca-11e5-ac91-bf518d2df224":{"date":{"Fri May 22 2015 23:32:23 GMT+0200 (Paris, Madrid (heure d’été))":true},"valeur":{"12":true}},"0e968f10-00ca-11e5-ac91-bf518d2df224":{"date":{"Fri May 22 2015 23:32:33 GMT+0200 (Paris, Madrid (heure d’été))":true},"valeur":{"45":true}},"14974580-00ca-11e5-ac91-bf518d2df224":{"date":{"Fri May 22 2015 23:32:43 GMT+0200 (Paris, Madrid (heure d’été))":true},"valeur":{"24":true}},"1a9b5750-00ca-11e5-ac91-bf518d2df224":{"date":{"Fri May 22 2015 23:32:53 GMT+0200 (Paris, Madrid (heure d’été))":true},"valeur":{"43":true}},"209ef3f0-00ca-11e5-ac91-bf518d2df224":{"date":{"Fri May 22 2015 23:33:03 GMT+0200 (Paris, Madrid (heure d’été))":true},"valeur":{"4":true}},"26a17f20-00ca-11e5-ac91-bf518d2df224":{"date":{"Fri May 22 2015 23:33:13 GMT+0200 (Paris, Madrid (heure d’été))":true},"valeur":{"35":true}},"2ca12420-00ca-11e5-ac91-bf518d2df224":{"date":{"Fri May 22 2015 23:33:23 GMT+0200 (Paris, Madrid (heure d’été))":true},"valeur":{"37":true}},"329afcc0-00ca-11e5-ac91-bf518d2df224":{"date":{"Fri May 22 2015 23:33:33 GMT+0200 (Paris, Madrid (heure d’été))":true},"valeur":{"27":true}},"38a15880-00ca-11e5-ac91-bf518d2df224":{"date":{"Fri May 22 2015 23:33:43 GMT+0200 (Paris, Madrid (heure d’été))":true},"valeur":{"17":true}},"3eac9640-00ca-11e5-ac91-bf518d2df224":{"date":{"Fri May 22 2015 23:33:53 GMT+0200 (Paris, Madrid (heure d’été))":true},"valeur":{"37":true}},"44ade8f0-00ca-11e5-ac91-bf518d2df224":{"date":{"Fri May 22 2015 23:34:04 GMT+0200 (Paris, Madrid (heure d’été))":true},"valeur":{"50":true}},"4aaccaa0-00ca-11e5-ac91-bf518d2df224":{"date":{"Fri May 22 2015 23:34:14 GMT+0200 (Paris, Madrid (heure d’été))":true},"valeur":{"10":true}},"50ac6fa0-00ca-11e5-ac91-bf518d2df224":{"date":{"Fri May 22 2015 23:34:24 GMT+0200 (Paris, Madrid (heure d’été))":true},"valeur":{"41":true}},"56ab7860-00ca-11e5-ac91-bf518d2df224":{"date":{"Fri May 22 2015 23:34:34 GMT+0200 (Paris, Madrid (heure d’été))":true},"valeur":{"43":true}},"5cb1ad10-00ca-11e5-ac91-bf518d2df224":{"date":{"Fri May 22 2015 23:34:44 GMT+0200 (Paris, Madrid (heure d’été))":true},"valeur":{"44":true}},"62b8f330-00ca-11e5-ac91-bf518d2df224":{"date":{"Fri May 22 2015 23:34:54 GMT+0200 (Paris, Madrid (heure d’été))":true},"valeur":{"14":true}},"68bc68c0-00ca-11e5-ac91-bf518d2df224":{"date":{"Fri May 22 2015 23:35:04 GMT+0200 (Paris, Madrid (heure d’été))":true},"valeur":{"50":true}},"6ebc5be0-00ca-11e5-ac91-bf518d2df224":{"date":{"Fri May 22 2015 23:35:14 GMT+0200 (Paris, Madrid (heure d’été))":true},"valeur":{"31":true}},"74bc4f00-00ca-11e5-ac91-bf518d2df224":{"date":{"Fri May 22 2015 23:35:24 GMT+0200 (Paris, Madrid (heure d’été))":true},"valeur":{"39":true}},"7ac3bc30-00ca-11e5-ac91-bf518d2df224":{"date":{"Fri May 22 2015 23:35:34 GMT+0200 (Paris, Madrid (heure d’été))":true},"valeur":{"40":true}},"80d49f40-00ca-11e5-ac91-bf518d2df224":{"date":{"Fri May 22 2015 23:35:44 GMT+0200 (Paris, Madrid (heure d’été))":true},"valeur":{"46":true}},"86d57cc0-00ca-11e5-ac91-bf518d2df224":{"date":{"Fri May 22 2015 23:35:55 GMT+0200 (Paris, Madrid (heure d’été))":true},"valeur":{"34":true}},"8cdc4db0-00ca-11e5-ac91-bf518d2df224":{"date":{"Fri May 22 2015 23:36:05 GMT+0200 (Paris, Madrid (heure d’été))":true},"valeur":{"7":true}},"92dc67e0-00ca-11e5-ac91-bf518d2df224":{"date":{"Fri May 22 2015 23:36:15 GMT+0200 (Paris, Madrid (heure d’été))":true},"valeur":{"4":true}},"98dd9380-00ca-11e5-ac91-bf518d2df224":{"date":{"Fri May 22 2015 23:36:25 GMT+0200 (Paris, Madrid (heure d’été))":true},"valeur":{"43":true}},"9ee0baf0-00ca-11e5-ac91-bf518d2df224":{"date":{"Fri May 22 2015 23:36:35 GMT+0200 (Paris, Madrid (heure d’été))":true},"valeur":{"47":true}},"a4df2770-00ca-11e5-ac91-bf518d2df224":{"date":{"Fri May 22 2015 23:36:45 GMT+0200 (Paris, Madrid (heure d’été))":true},"valeur":{"2":true}},"aae31230-00ca-11e5-ac91-bf518d2df224":{"date":{"Fri May 22 2015 23:36:55 GMT+0200 (Paris, Madrid (heure d’été))":true},"valeur":{"45":true}},"b0e37a80-00ca-11e5-ac91-bf518d2df224":{"date":{"Fri May 22 2015 23:37:05 GMT+0200 (Paris, Madrid (heure d’été))":true},"valeur":{"3":true}},"b6df00d0-00ca-11e5-ac91-bf518d2df224":{"date":{"Fri May 22 2015 23:37:15 GMT+0200 (Paris, Madrid (heure d’été))":true},"valeur":{"42":true}},"bce646f0-00ca-11e5-ac91-bf518d2df224":{"date":{"Fri May 22 2015 23:37:25 GMT+0200 (Paris, Madrid (heure d’été))":true},"valeur":{"13":true}},"c2e528a0-00ca-11e5-ac91-bf518d2df224":{"date":{"Fri May 22 2015 23:37:35 GMT+0200 (Paris, Madrid (heure d’été))":true},"valeur":{"41":true}},"c8e012b0-00ca-11e5-ac91-bf518d2df224":{"date":{"Fri May 22 2015 23:37:45 GMT+0200 (Paris, Madrid (heure d’été))":true},"valeur":{"22":true}},"cee4c0c0-00ca-11e5-ac91-bf518d2df224":{"date":{"Fri May 22 2015 23:37:55 GMT+0200 (Paris, Madrid (heure d’été))":true},"valeur":{"5":true}},"d4e7c120-00ca-11e5-ac91-bf518d2df224":{"date":{"Fri May 22 2015 23:38:06 GMT+0200 (Paris, Madrid (heure d’été))":true},"valeur":{"16":true}},"daeb0fa0-00ca-11e5-ac91-bf518d2df224":{"date":{"Fri May 22 2015 23:38:16 GMT+0200 (Paris, Madrid (heure d’été))":true},"valeur":{"3":true}},"e0f38e40-00ca-11e5-ac91-bf518d2df224":{"date":{"Fri May 22 2015 23:38:26 GMT+0200 (Paris, Madrid (heure d’été))":true},"valeur":{"10":true}},"e6f52f10-00ca-11e5-ac91-bf518d2df224":{"date":{"Fri May 22 2015 23:38:36 GMT+0200 (Paris, Madrid (heure d’été))":true},"valeur":{"32":true}},"ecfa5250-00ca-11e5-ac91-bf518d2df224":{"date":{"Fri May 22 2015 23:38:46 GMT+0200 (Paris, Madrid (heure d’été))":true},"valeur":{"13":true}},"f2fb2fd0-00ca-11e5-ac91-bf518d2df224":{"date":{"Fri May 22 2015 23:38:56 GMT+0200 (Paris, Madrid (heure d’été))":true},"valeur":{"21":true}},"f9007a20-00ca-11e5-ac91-bf518d2df224":{"date":{"Fri May 22 2015 23:39:06 GMT+0200 (Paris, Madrid (heure d’été))":true},"valeur":{"33":true}},"ff083570-00ca-11e5-ac91-bf518d2df224":{"date":{"Fri May 22 2015 23:39:16 GMT+0200 (Paris, Madrid (heure d’été))":true},"valeur":{"17":true}},"050a9990-00cb-11e5-ac91-bf518d2df224":{"date":{"Fri May 22 2015 23:39:26 GMT+0200 (Paris, Madrid (heure d’été))":true},"valeur":{"30":true}},"0b0caf90-00cb-11e5-ac91-bf518d2df224":{"date":{"Fri May 22 2015 23:39:36 GMT+0200 (Paris, Madrid (heure d’été))":true},"valeur":{"41":true}},"11172a00-00cb-11e5-ac91-bf518d2df224":{"date":{"Fri May 22 2015 23:39:46 GMT+0200 (Paris, Madrid (heure d’été))":true},"valeur":{"38":true}},"171c7450-00cb-11e5-ac91-bf518d2df224":{"date":{"Fri May 22 2015 23:39:57 GMT+0200 (Paris, Madrid (heure d’été))":true},"valeur":{"37":true}},"1d247dc0-00cb-11e5-ac91-bf518d2df224":{"date":{"Fri May 22 2015 23:40:07 GMT+0200 (Paris, Madrid (heure d’été))":true},"valeur":{"16":true}},"2328ddb0-00cb-11e5-ac91-bf518d2df224":{"date":{"Fri May 22 2015 23:40:17 GMT+0200 (Paris, Madrid (heure d’été))":true},"valeur":{"13":true}},"29333110-00cb-11e5-ac91-bf518d2df224":{"date":{"Fri May 22 2015 23:40:27 GMT+0200 (Paris, Madrid (heure d’été))":true},"valeur":{"42":true}},"2f3a7730-00cb-11e5-ac91-bf518d2df224":{"date":{"Fri May 22 2015 23:40:37 GMT+0200 (Paris, Madrid (heure d’été))":true},"valeur":{"15":true}},"353ed720-00cb-11e5-ac91-bf518d2df224":{"date":{"Fri May 22 2015 23:40:47 GMT+0200 (Paris, Madrid (heure d’été))":true},"valeur":{"8":true}},"3b413b40-00cb-11e5-ac91-bf518d2df224":{"date":{"Fri May 22 2015 23:40:57 GMT+0200 (Paris, Madrid (heure d’été))":true},"valeur":{"37":true}},"41439f60-00cb-11e5-ac91-bf518d2df224":{"date":{"Fri May 22 2015 23:41:07 GMT+0200 (Paris, Madrid (heure d’été))":true},"valeur":{"34":true}},"4747ff50-00cb-11e5-ac91-bf518d2df224":{"date":{"Fri May 22 2015 23:41:17 GMT+0200 (Paris, Madrid (heure d’été))":true},"valeur":{"29":true}},"4d4d2290-00cb-11e5-ac91-bf518d2df224":{"date":{"Fri May 22 2015 23:41:27 GMT+0200 (Paris, Madrid (heure d’été))":true},"valeur":{"26":true}},"53548fc0-00cb-11e5-ac91-bf518d2df224":{"date":{"Fri May 22 2015 23:41:38 GMT+0200 (Paris, Madrid (heure d’été))":true},"valeur":{"21":true}},"5956a5c0-00cb-11e5-ac91-bf518d2df224":{"date":{"Fri May 22 2015 23:41:48 GMT+0200 (Paris, Madrid (heure d’été))":true},"valeur":{"16":true}},"5f5b53d0-00cb-11e5-ac91-bf518d2df224":{"date":{"Fri May 22 2015 23:41:58 GMT+0200 (Paris, Madrid (heure d’été))":true},"valeur":{"17":true}},"6560c530-00cb-11e5-ac91-bf518d2df224":{"date":{"Fri May 22 2015 23:42:08 GMT+0200 (Paris, Madrid (heure d’été))":true},"valeur":{"36":true}},"6b632950-00cb-11e5-ac91-bf518d2df224":{"date":{"Fri May 22 2015 23:42:18 GMT+0200 (Paris, Madrid (heure d’été))":true},"valeur":{"45":true}},"71647c00-00cb-11e5-ac91-bf518d2df224":{"date":{"Fri May 22 2015 23:42:28 GMT+0200 (Paris, Madrid (heure d’été))":true},"valeur":{"15":true}},"776c3750-00cb-11e5-ac91-bf518d2df224":{"date":{"Fri May 22 2015 23:42:38 GMT+0200 (Paris, Madrid (heure d’été))":true},"valeur":{"5":true}},"7d71f6d0-00cb-11e5-ac91-bf518d2df224":{"date":{"Fri May 22 2015 23:42:48 GMT+0200 (Paris, Madrid (heure d’été))":true},"valeur":{"46":true}},"83771a10-00cb-11e5-ac91-bf518d2df224":{"date":{"Fri May 22 2015 23:42:58 GMT+0200 (Paris, Madrid (heure d’été))":true},"valeur":{"39":true}},"897c6460-00cb-11e5-ac91-bf518d2df224":{"date":{"Fri May 22 2015 23:43:08 GMT+0200 (Paris, Madrid (heure d’été))":true},"valeur":{"39":true}},"8f827200-00cb-11e5-ac91-bf518d2df224":{"date":{"Fri May 22 2015 23:43:19 GMT+0200 (Paris, Madrid (heure d’été))":true},"valeur":{"40":true}},"9586f900-00cb-11e5-ac91-bf518d2df224":{"date":{"Fri May 22 2015 23:43:29 GMT+0200 (Paris, Madrid (heure d’été))":true},"valeur":{"9":true}},"9b8872c0-00cb-11e5-ac91-bf518d2df224":{"date":{"Fri May 22 2015 23:43:39 GMT+0200 (Paris, Madrid (heure d’été))":true},"valeur":{"41":true}},"a18a88c0-00cb-11e5-ac91-bf518d2df224":{"date":{"Fri May 22 2015 23:43:49 GMT+0200 (Paris, Madrid (heure d’été))":true},"valeur":{"2":true}},"a78f0fc0-00cb-11e5-ac91-bf518d2df224":{"date":{"Fri May 22 2015 23:43:59 GMT+0200 (Paris, Madrid (heure d’été))":true},"valeur":{"39":true}},"ad940bf0-00cb-11e5-ac91-bf518d2df224":{"date":{"Fri May 22 2015 23:44:09 GMT+0200 (Paris, Madrid (heure d’été))":true},"valeur":{"34":true}},"b39892f0-00cb-11e5-ac91-bf518d2df224":{"date":{"Fri May 22 2015 23:44:19 GMT+0200 (Paris, Madrid (heure d’été))":true},"valeur":{"13":true}},"b99e2b60-00cb-11e5-ac91-bf518d2df224":{"date":{"Fri May 22 2015 23:44:29 GMT+0200 (Paris, Madrid (heure d’été))":true},"valeur":{"1":true}},"bfa32790-00cb-11e5-ac91-bf518d2df224":{"date":{"Fri May 22 2015 23:44:39 GMT+0200 (Paris, Madrid (heure d’été))":true},"valeur":{"30":true}},"c5a5b2c0-00cb-11e5-ac91-bf518d2df224":{"date":{"Fri May 22 2015 23:44:49 GMT+0200 (Paris, Madrid (heure d’été))":true},"valeur":{"19":true}},"cbaaaef0-00cb-11e5-ac91-bf518d2df224":{"date":{"Fri May 22 2015 23:44:59 GMT+0200 (Paris, Madrid (heure d’été))":true},"valeur":{"22":true}},"d1adaf50-00cb-11e5-ac91-bf518d2df224":{"date":{"Fri May 22 2015 23:45:10 GMT+0200 (Paris, Madrid (heure d’été))":true},"valeur":{"6":true}},"d7b4f570-00cb-11e5-ac91-bf518d2df224":{"date":{"Fri May 22 2015 23:45:20 GMT+0200 (Paris, Madrid (heure d’été))":true},"valeur":{"44":true}},"ddbbc660-00cb-11e5-ac91-bf518d2df224":{"date":{"Fri May 22 2015 23:45:30 GMT+0200 (Paris, Madrid (heure d’été))":true},"valeur":{"38":true}},"e3c09b80-00cb-11e5-ac91-bf518d2df224":{"date":{"Fri May 22 2015 23:45:40 GMT+0200 (Paris, Madrid (heure d’été))":true},"valeur":{"27":true}},"e9c8cc00-00cb-11e5-ac91-bf518d2df224":{"date":{"Fri May 22 2015 23:45:50 GMT+0200 (Paris, Madrid (heure d’été))":true},"valeur":{"9":true}},"efcb0910-00cb-11e5-ac91-bf518d2df224":{"date":{"Fri May 22 2015 23:46:00 GMT+0200 (Paris, Madrid (heure d’été))":true},"valeur":{"11":true}},"f5cc5bc0-00cb-11e5-ac91-bf518d2df224":{"date":{"Fri May 22 2015 23:46:10 GMT+0200 (Paris, Madrid (heure d’été))":true},"valeur":{"2":true}}}